hc1710,20170405,20170404,19:47:57,0,3210,391620,3258,3176,3200,-1,32253,3210,75,3209,74,34162969485662,1.26309e+10,3165,440240,3193,
hc1710,20170405,20170404,19:47:57,500,3210,391690,3258,3176,3200,-1,32253,3210,48,3209,64,34162969485732,1.26332e+10,3165,440240,3193,
hc1710,20170405,20170404,19:47:58,0,3210,391758,3258,3176,3200,-1,32253,3210,14,3209,64,34162969485738,1.26354e+10,3165,440240,3193,
hc1710,20170405,20170404,19:47:58,500,3210,391786,3258,3176,3200,-1,32253,3211,185,3210,29,34162969485764,1.26363e+10,3165,440240,3193,
hc1710,20170405,20170404,19:47:59,0,3210,391844,3258,3176,3200,-1,32253,3210,3,3209,64,34162969485732,1.26381e+10,3165,440240,3193,
hc1710,20170405,20170404,19:47:59,500,3210,391866,3258,3176,3200,-1,32252.9,3211,184,3209,64,34162969485752,1.26388e+10,3165,440240,3193,
hc1710,20170405,20170404,19:48:00,0,3210,391868,3258,3176,3200,-1,32252.9,3210,7,3209,71,34162969485752,1.26389e+10,3165,440240,3193,
hc1710,20170405,20170404,19:48:00,500,3209,391950,3258,3176,3200,-1,32252.9,3210,14,3209,34,34162969485752,1.26415e+10,3165,440240,3193,
hc1710,20170405,20170404,19:48:01,0,3209,391952,3258,3176,3200,-1,32252.9,3210,17,3209,32,34162969485752,1.26416e+10,3165,440240,3193,
hc1710,20170405,20170404,19:48:01,500,3210,391956,3258,3176,3200,-1,32252.9,3210,23,3209,33,34162969485752,1.26417e+10,3165,440240,3193,
hc1710,20170405,20170404,19:48:02,0,3210,391958,3258,3176,3200,-1,32252.9,3210,25,3209,33,34162969485752,1.26418e+10,3165,440240,3193,
hc1710,20170405,20170404,19:48:02,500,3210,391958,3258,3176,3200,-1,32252.9,3210,25,3209,33,34162969485752,1.26418e+10,3165,440240,3193,
hc1710,20170405,20170404,19:48:03,0,3210,391978,3258,3176,3200,-1,32252.9,3210,15,3209,37,34162969485752,1.26424e+10,3165,440240,3193,
hc1710,20170405,20170404,19:48:03,500,3210,391998,3258,3176,3200,-1,32252.9,3210,5,3209,37,34162969485748,1.26431e+10,3165,440240,3193,
hc1710,20170405,20170404,19:48:04,0,3210,391998,3258,3176,3200,-1,32252.9,3210,6,3209,38,34162969485748,1.26431e+10,3165,440240,3193,
hc1710,20170405,20170404,19:48:04,500,3210,392004,3258,3176,3200,-1,32252.9,3210,6,3209,48,34162969485746,1.26433e+10,3165,440240,3193,
hc1710,20170405,20170404,19:48:05,0,3209,392008,3258,3176,3200,-1,32252.9,3210,12,3209,47,34162969485748,1.26434e+10,3165,440240,3193,
hc1710,20170405,20170404,19:48:05,500,3210,392014,3258,3176,3200,-1,32252.9,3210,9,3209,44,34162969485752,1.26436e+10,3165,440240,3193,
hc1710,20170405,20170404,19:48:06,0,3210,392020,3258,3176,3200,-1,32252.9,3210,1,3209,44,34162969485756,1.26438e+10,3165,440240,3193,
hc1710,20170405,20170404,19:48:06,500,3210,392022,3258,3176,3200,-1,32252.9,3210,2,3209,51,34162969485758,1.26438e+10,3165,440240,3193,
hc1710,20170405,20170404,19:48:07,0,3210,392022,3258,3176,3200,-1,32252.9,3210,3,3209,52,34162969485758,1.26438e+10,3165,440240,3193,
hc1710,20170405,20170404,19:48:07,500,3210,392028,3258,3176,3200,-1,32252.9,3211,185,3209,52,34162969485756,1.2644e+10,3165,440240,3193,
hc1710,20170405,20170404,19:48:08,0,3210,392028,3258,3176,3200,-1,32252.9,3211,184,3210,16,34162969485756,1.2644e+10,3165,440240,3193,
hc1710,20170405,20170404,19:48:08,500,3211,392056,3258,3176,3200,-1,32252.9,3211,171,3210,20,34162969485750,1.26449e+10,3165,440240,3193,
hc1710,20170405,20170404,19:48:09,0,3211,392096,3258,3176,3200,-1,32252.9,3211,152,3210,22,34162969485748,1.26462e+10,3165,440240,3193,
hc1710,20170405,20170404,19:48:09,500,3211,392134,3258,3176,3200,-1,32252.8,3211,133,3210,42,34162969485710,1.26474e+10,3165,440240,3193,
hc1710,20170405,20170404,19:48:10,0,3211,392134,3258,3176,3200,-1,32252.8,3211,133,3210,56,34162969485710,1.26474e+10,3165,440240,3193,
hc1710,20170405,20170404,19:48:10,500,3211,392248,3258,3176,3200,-1,32252.8,3211,84,3210,44,34162969485634,1.26511e+10,3165,440240,3193,
hc1710,20170405,20170404,19:48:11,0,3210,392326,3258,3176,3200,-1,32252.8,3211,54,3210,6,34162969485610,1.26536e+10,3165,440240,3193,
hc1710,20170405,20170404,19:48:11,500,3211,392328,3258,3176,3200,-1,32252.8,3211,53,3210,20,34162969485608,1.26537e+10,3165,440240,3193,
hc1710,20170405,20170404,19:48:12,0,3211,392364,3258,3176,3200,-1,32252.8,3211,35,3210,24,34162969485572,1.26548e+10,3165,440240,3193,
hc1710,20170405,20170404,19:48:12,500,3211,392422,3258,3176,3200,-1,32252.7,3211,8,3210,66,34162969485616,1.26567e+10,3165,440240,3193,
hc1710,20170405,20170404,19:48:13,0,3211,392438,3258,3176,3200,-1,32252.7,3212,5,3211,75,34162969485632,1.26572e+10,3165,440240,3193,
hc1710,20170405,20170404,19:48:13,500,3212,392448,3258,3176,3200,-1,32252.7,3213,44,3212,15,34162969485640,1.26575e+10,3165,440240,3193,
hc1710,20170405,20170404,19:48:14,0,3213,392504,3258,3176,3200,-1,32252.7,3214,10,3213,72,34162969485588,1.26593e+10,3165,440240,3193,
hc1710,20170405,20170404,19:48:14,500,3215,392566,3258,3176,3200,-1,32252.7,3215,31,3214,4,34162969485592,1.26613e+10,3165,440240,3193,
hc1710,20170405,20170404,19:48:15,0,3212,392744,3258,3176,3200,-1,32252.6,3212,186,3211,34,34162969485436,1.2667e+10,3165,440240,3193,
hc1710,20170405,20170404,19:48:15,500,3211,392766,3258,3176,3200,-1,32252.6,3212,203,3211,35,34162969485426,1.26677e+10,3165,440240,3193,
hc1710,20170405,20170404,19:48:16,0,3212,392776,3258,3176,3200,-1,32252.6,3212,195,3211,27,34162969485424,1.26681e+10,3165,440240,3193,
hc1710,20170405,20170404,19:48:16,500,3212,392820,3258,3176,3200,-1,32252.6,3212,174,3211,27,34162969485422,1.26695e+10,3165,440240,3193,
hc1710,20170405,20170404,19:48:17,0,3212,392840,3258,3176,3200,-1,32252.6,3212,169,3211,24,34162969485416,1.26701e+10,3165,440240,3193,
hc1710,20170405,20170404,19:48:17,500,3212,392862,3258,3176,3200,-1,32252.6,3212,158,3211,34,34162969485406,1.26708e+10,3165,440240,3193,
hc1710,20170405,20170404,19:48:18,0,3212,392928,3258,3176,3200,-1,32252.6,3212,134,3211,39,34162969485380,1.26729e+10,3165,440240,3193,
hc1710,20170405,20170404,19:48:18,500,3212,393038,3258,3176,3200,-1,32252.5,3212,79,3211,42,34162969485362,1.26765e+10,3165,440240,3193,
hc1710,20170405,20170404,19:48:19,0,3212,393078,3258,3176,3200,-1,32252.5,3212,60,3211,34,34162969485350,1.26778e+10,3165,440240,3193,
hc1710,20170405,20170404,19:48:19,500,3212,393118,3258,3176,3200,-1,32252.5,3212,41,3211,33,34162969485350,1.2679e+10,3165,440240,3193,
hc1710,20170405,20170404,19:48:20,0,3212,393136,3258,3176,3200,-1,32252.5,3212,33,3211,36,34162969485350,1.26796e+10,3165,440240,3193,
hc1710,20170405,20170404,19:48:20,500,3212,393154,3258,3176,3200,-1,32252.5,3212,27,3211,36,34162969485360,1.26802e+10,3165,440240,3193,
hc1710,20170405,20170404,19:48:21,0,3211,393168,3258,3176,3200,-1,32252.5,3212,25,3211,36,34162969485364,1.26806e+10,3165,440240,3193,
hc1710,20170405,20170404,19:48:21,500,3212,393212,3258,3176,3200,-1,32252.5,3212,4,3211,51,34162969485406,1.26821e+10,3165,440240,3193,
hc1710,20170405,20170404,19:48:22,0,3212,393226,3258,3176,3200,-1,32252.5,3212,1,3211,46,34162969485408,1.26825e+10,3165,440240,3193,
hc1710,20170405,20170404,19:48:22,500,3212,393232,3258,3176,3200,-1,32252.5,3212,1,3211,45,34162969485408,1.26827e+10,3165,440240,3193,
hc1710,20170405,20170404,19:48:23,0,3211,393236,3258,3176,3200,-1,32252.5,3212,1,3211,43,34162969485406,1.26828e+10,3165,440240,3193,
hc1710,20170405,20170404,19:48:23,500,3212,393238,3258,3176,3200,-1,32252.5,3213,3,3212,20,34162969485406,1.26829e+10,3165,440240,3193,
hc1710,20170405,20170404,19:48:24,0,3212,393238,3258,3176,3200,-1,32252.5,3213,3,3212,38,34162969485406,1.26829e+10,3165,440240,3193,
hc1710,20170405,20170404,19:48:24,500,3212,393280,3258,3176,3200,-1,32252.5,3213,3,3212,20,34162969485446,1.26842e+10,3165,440240,3193,
hc1710,20170405,20170404,19:48:25,0,3212,393280,3258,3176,3200,-1,32252.5,3213,3,3212,20,34162969485446,1.26842e+10,3165,440240,3193,
hc1710,20170405,20170404,19:48:25,500,3213,393288,3258,3176,3200,-1,32252.5,3213,28,3212,20,34162969485450,1.26845e+10,3165,440240,3193,
hc1710,20170405,20170404,19:48:26,0,3213,393294,3258,3176,3200,-1,32252.4,3213,25,3212,19,34162969485444,1.26847e+10,3165,440240,3193,
hc1710,20170405,20170404,19:48:26,500,3212,393316,3258,3176,3200,-1,32252.4,3213,25,3212,8,34162969485446,1.26854e+10,3165,440240,3193,
hc1710,20170405,20170404,19:48:27,0,3213,393354,3258,3176,3200,-1,32252.4,3213,13,3212,1,34162969485460,1.26866e+10,3165,440240,3193,
hc1710,20170405,20170404,19:48:27,500,3213,393356,3258,3176,3200,-1,32252.4,3213,17,3212,1,34162969485460,1.26867e+10,3165,440240,3193,
hc1710,20170405,20170404,19:48:28,0,3213,393360,3258,3176,3200,-1,32252.4,3213,15,3212,12,34162969485460,1.26868e+10,3165,440240,3193,
hc1710,20170405,20170404,19:48:28,500,3212,393384,3258,3176,3200,-1,32252.4,3213,28,3211,76,34162969485460,1.26876e+10,3165,440240,3193,
hc1710,20170405,20170404,19:48:29,0,3213,393386,3258,3176,3200,-1,32252.4,3213,29,3212,2,34162969485460,1.26876e+10,3165,440240,3193,
hc1710,20170405,20170404,19:48:29,500,3213,393396,3258,3176,3200,-1,32252.4,3213,28,3211,71,34162969485456,1.2688e+10,3165,440240,3193,
hc1710,20170405,20170404,19:48:30,0,3213,393422,3258,3176,3200,-1,32252.4,3213,31,3211,70,34162969485468,1.26888e+10,3165,440240,3193,
hc1710,20170405,20170404,19:48:30,500,3213,393424,3258,3176,3200,-1,32252.4,3213,31,3211,70,34162969485470,1.26889e+10,3165,440240,3193,
hc1710,20170405,20170404,19:48:31,0,3212,393434,3258,3176,3200,-1,32252.4,3213,30,3212,30,34162969485472,1.26892e+10,3165,440240,3193,
hc1710,20170405,20170404,19:48:31,500,3212,393440,3258,3176,3200,-1,32252.4,3213,19,3212,28,34162969485478,1.26894e+10,3165,440240,3193,
hc1710,20170405,20170404,19:48:32,0,3213,393450,3258,3176,3200,-1,32252.4,3213,13,3212,28,34162969485476,1.26897e+10,3165,440240,3193,
hc1710,20170405,20170404,19:48:32,500,3212,393452,3258,3176,3200,-1,32252.4,3213,15,3212,27,34162969485476,1.26898e+10,3165,440240,3193,
hc1710,20170405,20170404,19:48:33,0,3212,393452,3258,3176,3200,-1,32252.4,3213,15,3212,29,34162969485476,1.26898e+10,3165,440240,3193,
hc1710,20170405,20170404,19:48:33,500,3212,393452,3258,3176,3200,-1,32252.4,3213,15,3212,30,34162969485476,1.26898e+10,3165,440240,3193,
hc1710,20170405,20170404,19:48:34,0,3213,393482,3258,3176,3200,-1,32252.4,3214,60,3213,35,34162969485500,1.26907e+10,3165,440240,3193,
hc1710,20170405,20170404,19:48:34,500,3212,393564,3258,3176,3200,-1,32252.4,3213,16,3212,46,34162969485570,1.26934e+10,3165,440240,3193,
hc1710,20170405,20170404,19:48:35,0,3213,393586,3258,3176,3200,-1,32252.4,3213,6,3212,45,34162969485590,1.26941e+10,3165,440240,3193,
hc1710,20170405,20170404,19:48:35,500,3214,393734,3258,3176,3200,-1,32252.3,3215,37,3214,98,34162969485702,1.26988e+10,3165,440240,3193,
hc1710,20170405,20170404,19:48:36,0,3214,393742,3258,3176,3200,-1,32252.3,3215,34,3214,94,34162969485710,1.26991e+10,3165,440240,3193,
hc1710,20170405,20170404,19:48:36,500,3214,393744,3258,3176,3200,-1,32252.3,3215,34,3214,98,34162969485712,1.26992e+10,3165,440240,3193,
hc1710,20170405,20170404,19:48:37,0,3214,393744,3258,3176,3200,-1,32252.3,3215,34,3214,99,34162969485712,1.26992e+10,3165,440240,3193,
hc1710,20170405,20170404,19:48:37,500,3214,393846,3258,3176,3200,-1,32252.3,3215,36,3214,48,34162969485814,1.27024e+10,3165,440240,3193,
hc1710,20170405,20170404,19:48:38,0,3214,393860,3258,3176,3200,-1,32252.3,3215,33,3214,46,34162969485826,1.27029e+10,3165,440240,3193,
hc1710,20170405,20170404,19:48:38,500,3214,393958,3258,3176,3200,-1,32252.2,3214,21,3213,30,34162969485922,1.2706e+10,3165,440240,3193,
hc1710,20170405,20170404,19:48:39,0,3214,393966,3258,3176,3200,-1,32252.2,3214,17,3213,40,34162969485926,1.27063e+10,3165,440240,3193,
hc1710,20170405,20170404,19:48:39,500,3213,393998,3258,3176,3200,-1,32252.2,3214,17,3213,26,34162969485914,1.27073e+10,3165,440240,3193,
hc1710,20170405,20170404,19:48:40,0,3213,394008,3258,3176,3200,-1,32252.2,3214,20,3213,21,34162969485924,1.27076e+10,3165,440240,3193,
hc1710,20170405,20170404,19:48:40,500,3213,394062,3258,3176,3200,-1,32252.2,3213,46,3212,49,34162969485940,1.27094e+10,3165,440240,3193,
hc1710,20170405,20170404,19:48:41,0,3213,394062,3258,3176,3200,-1,32252.2,3213,46,3212,49,34162969485940,1.27094e+10,3165,440240,3193,
hc1710,20170405,20170404,19:48:41,500,3212,394068,3258,3176,3200,-1,32252.2,3213,46,3212,47,34162969485938,1.27096e+10,3165,440240,3193,
hc1710,20170405,20170404,19:48:42,0,3212,394076,3258,3176,3200,-1,32252.2,3213,43,3212,45,34162969485938,1.27098e+10,3165,440240,3193,
hc1710,20170405,20170404,19:48:42,500,3213,394084,3258,3176,3200,-1,32252.2,3213,39,3212,30,34162969485930,1.27101e+10,3165,440240,3193,
hc1710,20170405,20170404,19:48:43,0,3213,394104,3258,3176,3200,-1,32252.2,3213,31,3212,25,34162969485926,1.27107e+10,3165,440240,3193,
hc1710,20170405,20170404,19:48:43,500,3213,394136,3258,3176,3200,-1,32252.2,3213,30,3212,11,34162969485940,1.27118e+10,3165,440240,3193,
hc1710,20170405,20170404,19:48:44,0,3213,394184,3258,3176,3200,-1,32252.2,3213,18,3211,112,34162969485920,1.27133e+10,3165,440240,3193,
hc1710,20170405,20170404,19:48:44,500,3213,394202,3258,3176,3200,-1,32252.2,3213,17,3212,2,34162969485908,1.27139e+10,3165,440240,3193,
hc1710,20170405,20170404,19:48:45,0,3212,394208,3258,3176,3200,-1,32252.2,3212,21,3211,134,34162969485910,1.27141e+10,3165,440240,3193,
hc1710,20170405,20170404,19:48:45,500,3212,394208,3258,3176,3200,-1,32252.2,3212,49,3211,129,34162969485910,1.27141e+10,3165,440240,3193,
hc1710,20170405,20170404,19:48:46,0,3212,394210,3258,3176,3200,-1,32252.2,3212,50,3211,139,34162969485910,1.27141e+10,3165,440240,3193,
hc1710,20170405,20170404,19:48:46,500,3212,394214,3258,3176,3200,-1,32252.2,3212,50,3211,140,34162969485910,1.27143e+10,3165,440240,3193,
hc1710,20170405,20170404,19:48:47,0,3212,394214,3258,3176,3200,-1,32252.2,3212,46,3211,140,34162969485910,1.27143e+10,3165,440240,3193,
hc1710,20170405,20170404,19:48:47,500,3211,394218,3258,3176,3200,-1,32252.2,3212,46,3211,138,34162969485912,1.27144e+10,3165,440240,3193,
hc1710,20170405,20170404,19:48:48,0,3211,394218,3258,3176,3200,-1,32252.2,3212,47,3211,138,34162969485912,1.27144e+10,3165,440240,3193,
hc1710,20170405,20170404,19:48:48,500,3211,394220,3258,3176,3200,-1,32252.2,3212,47,3211,137,34162969485914,1.27144e+10,3165,440240,3193,
hc1710,20170405,20170404,19:48:49,0,3212,394238,3258,3176,3200,-1,32252.2,3212,39,3211,148,34162969485902,1.2715e+10,3165,440240,3193,
hc1710,20170405,20170404,19:48:49,500,3212,394306,3258,3176,3200,-1,32252.1,3212,5,3211,145,34162969485944,1.27172e+10,3165,440240,3193,
hc1710,20170405,20170404,19:48:50,0,3212,394316,3258,3176,3200,-1,32252.1,3213,9,3212,12,34162969485938,1.27175e+10,3165,440240,3193,
hc1710,20170405,20170404,19:48:50,500,3212,394316,3258,3176,3200,-1,32252.1,3213,7,3212,7,34162969485938,1.27175e+10,3165,440240,3193,
hc1710,20170405,20170404,19:48:51,0,3212,394346,3258,3176,3200,-1,32252.1,3212,35,3211,127,34162969485948,1.27185e+10,3165,440240,3193,
hc1710,20170405,20170404,19:48:51,500,3212,394366,3258,3176,3200,-1,32252.1,3212,56,3211,127,34162969485968,1.27191e+10,3165,440240,3193,
hc1710,20170405,20170404,19:48:52,0,3212,394366,3258,3176,3200,-1,32252.1,3212,57,3211,122,34162969485968,1.27191e+10,3165,440240,3193,
hc1710,20170405,20170404,19:48:52,500,3212,394366,3258,3176,3200,-1,32252.1,3212,61,3211,132,34162969485968,1.27191e+10,3165,440240,3193,
hc1710,20170405,20170404,19:48:53,0,3211,394468,3258,3176,3200,-1,32252.1,3212,60,3211,68,34162969486066,1.27224e+10,3165,440240,3193,
hc1710,20170405,20170404,19:48:53,500,3211,394478,3258,3176,3200,-1,32252.1,3212,59,3211,64,34162969486070,1.27227e+10,3165,440240,3193,
hc1710,20170405,20170404,19:48:54,0,3211,394538,3258,3176,3200,-1,32252.1,3212,59,3211,34,34162969486122,1.27247e+10,3165,440240,3193,
hc1710,20170405,20170404,19:48:54,500,3211,394552,3258,3176,3200,-1,32252,3212,58,3211,31,34162969486126,1.27251e+10,3165,440240,3193,
hc1710,20170405,20170404,19:48:55,500,3211,394552,3258,3176,3200,-1,32252,3212,58,3211,28,34162969486126,1.27251e+10,3165,440240,3193,
hc1710,20170405,20170404,19:48:56,0,3211,394552,3258,3176,3200,-1,32252,3212,58,3211,31,34162969486126,1.27251e+10,3165,440240,3193,
hc1710,20170405,20170404,19:48:56,500,3211,394552,3258,3176,3200,-1,32252,3212,58,3211,40,34162969486126,1.27251e+10,3165,440240,3193,
hc1710,20170405,20170404,19:48:57,0,3211,394556,3258,3176,3200,-1,32252,3212,58,3211,38,34162969486130,1.27252e+10,3165,440240,3193,
hc1710,20170405,20170404,19:48:57,500,3212,394578,3258,3176,3200,-1,32252,3212,49,3211,39,34162969486152,1.27259e+10,3165,440240,3193,
hc1710,20170405,20170404,19:48:58,0,3211,394580,3258,3176,3200,-1,32252,3212,49,3211,38,34162969486152,1.2726e+10,3165,440240,3193,
hc1710,20170405,20170404,19:48:58,500,3212,394582,3258,3176,3200,-1,32252,3212,48,3211,30,34162969486154,1.27261e+10,3165,440240,3193,
hc1710,20170405,20170404,19:48:59,0,3212,394584,3258,3176,3200,-1,32252,3212,47,3211,27,34162969486156,1.27261e+10,3165,440240,3193,
hc1710,20170405,20170404,19:48:59,500,3212,394584,3258,3176,3200,-1,32252,3212,47,3211,27,34162969486156,1.27261e+10,3165,440240,3193,
hc1710,20170405,20170404,19:49:00,0,3211,394590,3258,3176,3200,-1,32252,3212,47,3211,25,34162969486162,1.27263e+10,3165,440240,3193,
hc1710,20170405,20170404,19:49:00,500,3212,394670,3258,3176,3200,-1,32252,3212,7,3211,36,34162969486212,1.27289e+10,3165,440240,3193,
hc1710,20170405,20170404,19:49:01,0,3212,394674,3258,3176,3200,-1,32252,3212,14,3211,28,34162969486212,1.2729e+10,3165,440240,3193,
hc1710,20170405,20170404,19:49:01,500,3212,394676,3258,3176,3200,-1,32252,3212,13,3211,39,34162969486214,1.27291e+10,3165,440240,3193,
hc1710,20170405,20170404,19:49:02,0,3211,394686,3258,3176,3200,-1,32252,3212,13,3211,34,34162969486224,1.27294e+10,3165,440240,3193,
hc1710,20170405,20170404,19:49:02,500,3211,394686,3258,3176,3200,-1,32252,3212,13,3211,34,34162969486224,1.27294e+10,3165,440240,3193,
hc1710,20170405,20170404,19:49:03,0,3212,394712,3258,3176,3200,-1,32252,3213,14,3212,48,34162969486236,1.27302e+10,3165,440240,3193,
hc1710,20170405,20170404,19:49:03,500,3213,394732,3258,3176,3200,-1,32252,3213,4,3212,60,34162969486250,1.27309e+10,3165,440240,3193,
hc1710,20170405,20170404,19:49:04,0,3213,394742,3258,3176,3200,-1,32252,3214,24,3213,5,34162969486254,1.27312e+10,3165,440240,3193,
hc1710,20170405,20170404,19:49:04,500,3213,394752,3258,3176,3200,-1,32252,3214,28,3213,23,34162969486264,1.27315e+10,3165,440240,3193,
hc1710,20170405,20170404,19:49:05,0,3213,394752,3258,3176,3200,-1,32252,3214,26,3213,23,34162969486264,1.27315e+10,3165,440240,3193,
hc1710,20170405,20170404,19:49:05,500,3213,394796,3258,3176,3200,-1,32252,3214,26,3213,1,34162969486304,1.27329e+10,3165,440240,3193,
hc1710,20170405,20170404,19:49:06,0,3213,394796,3258,3176,3200,-1,32252,3214,27,3213,4,34162969486304,1.27329e+10,3165,440240,3193,
hc1710,20170405,20170404,19:49:06,500,3213,394796,3258,3176,3200,-1,32252,3214,27,3213,1,34162969486304,1.27329e+10,3165,440240,3193,
hc1710,20170405,20170404,19:49:07,0,3213,394798,3258,3176,3200,-1,32252,3214,27,3212,16,34162969486304,1.2733e+10,3165,440240,3193,
hc1710,20170405,20170404,19:49:07,500,3213,394798,3258,3176,3200,-1,32252,3214,27,3212,29,34162969486304,1.2733e+10,3165,440240,3193,
hc1710,20170405,20170404,19:49:08,0,3213,394798,3258,3176,3200,-1,32252,3214,31,3212,39,34162969486304,1.2733e+10,3165,440240,3193,
hc1710,20170405,20170404,19:49:08,500,3214,394800,3258,3176,3200,-1,32252,3214,30,3213,8,34162969486306,1.27331e+10,3165,440240,3193,
hc1710,20170405,20170404,19:49:09,0,3213,394802,3258,3176,3200,-1,32252,3214,30,3213,7,34162969486304,1.27331e+10,3165,440240,3193,
hc1710,20170405,20170404,19:49:09,500,3213,394806,3258,3176,3200,-1,32252,3214,41,3213,5,34162969486304,1.27333e+10,3165,440240,3193,
hc1710,20170405,20170404,19:49:10,0,3213,394806,3258,3176,3200,-1,32252,3214,41,3213,5,34162969486304,1.27333e+10,3165,440240,3193,
hc1710,20170405,20170404,19:49:10,500,3213,394806,3258,3176,3200,-1,32252,3214,44,3213,7,34162969486304,1.27333e+10,3165,440240,3193,
hc1710,20170405,20170404,19:49:11,0,3213,394808,3258,3176,3200,-1,32252,3214,44,3213,7,34162969486304,1.27333e+10,3165,440240,3193,
hc1710,20170405,20170404,19:49:11,500,3213,394810,3258,3176,3200,-1,32252,3214,45,3213,6,34162969486304,1.27334e+10,3165,440240,3193,
hc1710,20170405,20170404,19:49:12,0,3213,394834,3258,3176,3200,-1,32252,3214,45,3212,35,34162969486290,1.27342e+10,3165,440240,3193,
hc1710,20170405,20170404,19:49:12,500,3213,394836,3258,3176,3200,-1,32252,3213,7,3212,35,34162969486292,1.27342e+10,3165,440240,3193,
hc1710,20170405,20170404,19:49:13,0,3213,394840,3258,3176,3200,-1,32252,3213,6,3212,37,34162969486296,1.27344e+10,3165,440240,3193,
hc1710,20170405,20170404,19:49:13,500,3213,394840,3258,3176,3200,-1,32252,3213,6,3212,41,34162969486296,1.27344e+10,3165,440240,3193,
hc1710,20170405,20170404,19:49:14,0,3213,394842,3258,3176,3200,-1,32252,3213,5,3212,41,34162969486298,1.27344e+10,3165,440240,3193,
hc1710,20170405,20170404,19:49:14,500,3213,394842,3258,3176,3200,-1,32252,3213,7,3212,41,34162969486298,1.27344e+10,3165,440240,3193,
hc1710,20170405,20170404,19:49:15,0,3213,394844,3258,3176,3200,-1,32252,3213,9,3212,41,34162969486300,1.27345e+10,3165,440240,3193,
hc1710,20170405,20170404,19:49:15,500,3213,394846,3258,3176,3200,-1,32252,3213,9,3212,41,34162969486302,1.27346e+10,3165,440240,3193,
hc1710,20170405,20170404,19:49:16,0,3213,394852,3258,3176,3200,-1,32252,3213,7,3212,41,34162969486308,1.27347e+10,3165,440240,3193,
hc1710,20170405,20170404,19:49:17,0,3212,394936,3258,3176,3200,-1,32251.9,3212,8,3211,32,34162969486382,1.27374e+10,3165,440240,3193,
hc1710,20170405,20170404,19:49:17,500,3213,394968,3258,3176,3200,-1,32251.9,3213,1,3211,32,34162969486406,1.27385e+10,3165,440240,3193,
hc1710,20170405,20170404,19:49:18,500,3213,394968,3258,3176,3200,-1,32251.9,3213,4,3212,6,34162969486406,1.27385e+10,3165,440240,3193,
hc1710,20170405,20170404,19:49:19,0,3213,394970,3258,3176,3200,-1,32251.9,3213,17,3212,7,34162969486408,1.27385e+10,3165,440240,3193,
hc1710,20170405,20170404,19:49:19,500,3212,394978,3258,3176,3200,-1,32251.9,3212,16,3211,32,34162969486412,1.27388e+10,3165,440240,3193,
hc1710,20170405,20170404,19:49:20,0,3212,394984,3258,3176,3200,-1,32251.9,3212,13,3211,22,34162969486418,1.2739e+10,3165,440240,3193,
hc1710,20170405,20170404,19:49:21,0,3212,394984,3258,3176,3200,-1,32251.9,3212,13,3211,22,34162969486418,1.2739e+10,3165,440240,3193,
hc1710,20170405,20170404,19:49:21,500,3212,394984,3258,3176,3200,-1,32251.9,3212,13,3211,22,34162969486418,1.2739e+10,3165,440240,3193,
hc1710,20170405,20170404,19:49:22,0,3212,394984,3258,3176,3200,-1,32251.9,3212,13,3211,23,34162969486418,1.2739e+10,3165,440240,3193,
hc1710,20170405,20170404,19:49:22,500,3211,394986,3258,3176,3200,-1,32251.9,3212,13,3211,22,34162969486420,1.27391e+10,3165,440240,3193,
hc1710,20170405,20170404,19:49:23,0,3211,394986,3258,3176,3200,-1,32251.9,3212,13,3211,22,34162969486420,1.27391e+10,3165,440240,3193,
hc1710,20170405,20170404,19:49:23,500,3212,395012,3258,3176,3200,-1,32251.9,3213,27,3211,33,34162969486420,1.27399e+10,3165,440240,3193,
hc1710,20170405,20170404,19:49:24,0,3212,395012,3258,3176,3200,-1,32251.9,3213,14,3212,1,34162969486420,1.27399e+10,3165,440240,3193,
hc1710,20170405,20170404,19:49:24,500,3211,395024,3258,3176,3200,-1,32251.9,3213,19,3212,13,34162969486432,1.27403e+10,3165,440240,3193,
hc1710,20170405,20170404,19:49:25,0,3212,395050,3258,3176,3200,-1,32251.9,3213,19,3211,27,34162969486450,1.27411e+10,3165,440240,3193,
hc1710,20170405,20170404,19:49:25,500,3212,395054,3258,3176,3200,-1,32251.9,3212,4,3211,27,34162969486452,1.27412e+10,3165,440240,3193,
hc1710,20170405,20170404,19:49:26,500,3212,395054,3258,3176,3200,-1,32251.9,3212,4,3211,27,34162969486452,1.27412e+10,3165,440240,3193,
hc1710,20170405,20170404,19:49:27,0,3212,395058,3258,3176,3200,-1,32251.9,3212,6,3211,36,34162969486456,1.27414e+10,3165,440240,3193,
hc1710,20170405,20170404,19:49:27,500,3212,395062,3258,3176,3200,-1,32251.9,3212,4,3211,26,34162969486456,1.27415e+10,3165,440240,3193,
hc1710,20170405,20170404,19:49:28,0,3212,395062,3258,3176,3200,-1,32251.9,3212,4,3211,29,34162969486456,1.27415e+10,3165,440240,3193,
hc1710,20170405,20170404,19:49:28,500,3212,395062,3258,3176,3200,-1,32251.9,3212,4,3211,29,34162969486456,1.27415e+10,3165,440240,3193,
hc1710,20170405,20170404,19:49:29,500,3211,395064,3258,3176,3200,-1,32251.9,3212,4,3211,31,34162969486458,1.27416e+10,3165,440240,3193,
hc1710,20170405,20170404,19:49:30,0,3211,395064,3258,3176,3200,-1,32251.9,3212,5,3211,31,34162969486458,1.27416e+10,3165,440240,3193,
hc1710,20170405,20170404,19:49:30,500,3212,395066,3258,3176,3200,-1,32251.9,3212,4,3211,31,34162969486458,1.27416e+10,3165,440240,3193,
hc1710,20170405,20170404,19:49:31,0,3212,395066,3258,3176,3200,-1,32251.9,3212,5,3211,31,34162969486458,1.27416e+10,3165,440240,3193,
hc1710,20170405,20170404,19:49:32,0,3212,395066,3258,3176,3200,-1,32251.9,3212,17,3211,31,34162969486458,1.27416e+10,3165,440240,3193,
hc1710,20170405,20170404,19:49:32,500,3212,395066,3258,3176,3200,-1,32251.9,3212,34,3211,31,34162969486458,1.27416e+10,3165,440240,3193,
hc1710,20170405,20170404,19:49:33,0,3212,395072,3258,3176,3200,-1,32251.9,3212,33,3211,29,34162969486460,1.27418e+10,3165,440240,3193,
hc1710,20170405,20170404,19:49:33,500,3212,395072,3258,3176,3200,-1,32251.9,3212,33,3211,29,34162969486460,1.27418e+10,3165,440240,3193,
hc1710,20170405,20170404,19:49:34,0,3211,395132,3258,3176,3200,-1,32251.9,3211,5,3210,137,34162969486454,1.27437e+10,3165,440240,3193,
hc1710,20170405,20170404,19:49:34,500,3210,395142,3258,3176,3200,-1,32251.9,3211,1,3210,126,34162969486456,1.27441e+10,3165,440240,3193,
hc1710,20170405,20170404,20:10:28,0,3181,468592,3258,3158,3200,-1,32190.9,3181,1,3180,40,34162969495102,1.50844e+10,3165,440240,3193,
hc1710,20170405,20170404,20:10:28,500,3181,468608,3258,3158,3200,-1,32190.8,3182,18,3181,2,34162969495090,1.50849e+10,3165,440240,3193,
hc1710,20170405,20170404,20:10:29,0,3180,468616,3258,3158,3200,-1,32190.8,3181,9,3180,39,34162969495090,1.50851e+10,3165,440240,3193,
hc1710,20170405,20170404,20:10:29,500,3181,468620,3258,3158,3200,-1,32190.8,3181,11,3180,39,34162969495090,1.50853e+10,3165,440240,3193,
hc1710,20170405,20170404,20:10:30,0,3181,468620,3258,3158,3200,-1,32190.8,3181,11,3180,39,34162969495090,1.50853e+10,3165,440240,3193,
hc1710,20170405,20170404,20:10:30,500,3181,468620,3258,3158,3200,-1,32190.8,3181,11,3180,39,34162969495090,1.50853e+10,3165,440240,3193,
hc1710,20170405,20170404,20:10:31,0,3181,468624,3258,3158,3200,-1,32190.8,3181,9,3180,39,34162969495090,1.50854e+10,3165,440240,3193,
hc1710,20170405,20170404,20:10:31,500,3181,468624,3258,3158,3200,-1,32190.8,3181,9,3180,39,34162969495090,1.50854e+10,3165,440240,3193,
hc1710,20170405,20170404,20:10:32,500,3181,468624,3258,3158,3200,-1,32190.8,3181,9,3180,39,34162969495090,1.50854e+10,3165,440240,3193,
hc1710,20170405,20170404,20:10:33,0,3181,468624,3258,3158,3200,-1,32190.8,3181,9,3180,39,34162969495090,1.50854e+10,3165,440240,3193,
hc1710,20170405,20170404,20:10:33,500,3181,468626,3258,3158,3200,-1,32190.8,3181,8,3180,39,34162969495092,1.50855e+10,3165,440240,3193,
hc1710,20170405,20170404,20:10:34,0,3180,468652,3258,3158,3200,-1,32190.8,3182,45,3180,34,34162969495086,1.50863e+10,3165,440240,3193,
hc1710,20170405,20170404,20:10:34,500,3180,468658,3258,3158,3200,-1,32190.8,3182,64,3181,29,34162969495082,1.50865e+10,3165,440240,3193,
hc1710,20170405,20170404,20:10:35,0,3181,468672,3258,3158,3200,-1,32190.8,3182,64,3181,22,34162969495096,1.50869e+10,3165,440240,3193,
hc1710,20170405,20170404,20:10:35,500,3182,468708,3258,3158,3200,-1,32190.8,3182,63,3181,5,34162969495128,1.50881e+10,3165,440240,3193,
hc1710,20170405,20170404,20:10:36,0,3180,468728,3258,3158,3200,-1,32190.7,3181,25,3180,27,34162969495128,1.50887e+10,3165,440240,3193,
hc1710,20170405,20170404,20:10:36,500,3180,468778,3258,3158,3200,-1,32190.7,3181,20,3180,2,34162969495144,1.50903e+10,3165,440240,3193,
hc1710,20170405,20170404,20:10:37,0,3180,468792,3258,3158,3200,-1,32190.7,3181,15,3180,5,34162969495156,1.50907e+10,3165,440240,3193,
hc1710,20170405,20170404,20:10:37,500,3180,468794,3258,3158,3200,-1,32190.7,3181,16,3180,9,34162969495156,1.50908e+10,3165,440240,3193,
hc1710,20170405,20170404,20:10:38,0,3180,468818,3258,3158,3200,-1,32190.7,3180,20,3179,24,34162969495170,1.50916e+10,3165,440240,3193,
hc1710,20170405,20170404,20:10:38,500,3181,468862,3258,3158,3200,-1,32190.6,3181,13,3180,10,34162969495174,1.5093e+10,3165,440240,3193,
hc1710,20170405,20170404,20:10:39,0,3181,468866,3258,3158,3200,-1,32190.6,3181,13,3180,9,34162969495178,1.50931e+10,3165,440240,3193,
hc1710,20170405,20170404,20:10:39,500,3180,468880,3258,3158,3200,-1,32190.6,3181,13,3180,2,34162969495180,1.50935e+10,3165,440240,3193,
hc1710,20170405,20170404,20:10:40,0,3181,468884,3258,3158,3200,-1,32190.6,3181,12,3179,34,34162969495182,1.50937e+10,3165,440240,3193,
hc1710,20170405,20170404,20:10:40,500,3181,468884,3258,3158,3200,-1,32190.6,3180,33,3179,37,34162969495182,1.50937e+10,3165,440240,3193,
hc1710,20170405,20170404,20:10:41,0,3181,468884,3258,3158,3200,-1,32190.6,3180,33,3179,37,34162969495182,1.50937e+10,3165,440240,3193,
hc1710,20170405,20170404,20:10:42,0,3181,468884,3258,3158,3200,-1,32190.6,3180,33,3179,37,34162969495182,1.50937e+10,3165,440240,3193,
hc1710,20170405,20170404,20:10:43,0,3180,468890,3258,3158,3200,-1,32190.6,3180,30,3179,29,34162969495188,1.50939e+10,3165,440240,3193,
hc1710,20170405,20170404,20:10:43,500,3180,468890,3258,3158,3200,-1,32190.6,3180,33,3179,35,34162969495188,1.50939e+10,3165,440240,3193,
hc1710,20170405,20170404,20:10:44,0,3179,468934,3258,3158,3200,-1,32190.6,3180,30,3179,59,34162969495192,1.50953e+10,3165,440240,3193,
hc1710,20170405,20170404,20:10:44,500,3179,469056,3258,3158,3200,-1,32190.5,3182,57,3179,56,34162969495280,1.50991e+10,3165,440240,3193,
hc1710,20170405,20170404,20:10:45,0,3179,469092,3258,3158,3200,-1,32190.4,3180,45,3179,39,34162969495286,1.51003e+10,3165,440240,3193,
hc1710,20170405,20170404,20:10:45,500,3179,469112,3258,3158,3200,-1,32190.4,3180,45,3179,29,34162969495306,1.51009e+10,3165,440240,3193,
hc1710,20170405,20170404,20:10:46,0,3179,469112,3258,3158,3200,-1,32190.4,3180,56,3179,29,34162969495306,1.51009e+10,3165,440240,3193,
hc1710,20170405,20170404,20:10:47,0,3179,469112,3258,3158,3200,-1,32190.4,3180,56,3179,29,34162969495306,1.51009e+10,3165,440240,3193,
hc1710,20170405,20170404,20:10:47,500,3180,469212,3258,3158,3200,-1,32190.3,3180,11,3179,29,34162969495396,1.51041e+10,3165,440240,3193,
hc1710,20170405,20170404,20:10:48,0,3180,469238,3258,3158,3200,-1,32190.3,3181,10,3180,6,34162969495398,1.51049e+10,3165,440240,3193,
hc1710,20170405,20170404,20:10:48,500,3180,469250,3258,3158,3200,-1,32190.3,3180,2,3179,30,34162969495410,1.51053e+10,3165,440240,3193,
hc1710,20170405,20170404,20:10:49,0,3180,469252,3258,3158,3200,-1,32190.3,3180,1,3179,30,34162969495412,1.51054e+10,3165,440240,3193,
hc1710,20170405,20170404,20:10:49,500,3180,469252,3258,3158,3200,-1,32190.3,3180,6,3179,30,34162969495412,1.51054e+10,3165,440240,3193,
hc1710,20170405,20170404,20:10:50,0,3179,469262,3258,3158,3200,-1,32190.3,3180,7,3179,30,34162969495422,1.51057e+10,3165,440240,3193,
hc1710,20170405,20170404,20:10:50,500,3180,469264,3258,3158,3200,-1,32190.3,3180,6,3179,30,34162969495424,1.51057e+10,3165,440240,3193,
hc1710,20170405,20170404,20:10:51,0,3182,469364,3258,3158,3200,-1,32190.2,3182,46,3179,38,34162969495462,1.51089e+10,3165,440240,3193,
hc1710,20170405,20170404,20:10:51,500,3182,469364,3258,3158,3200,-1,32190.2,3181,30,3180,4,34162969495462,1.51089e+10,3165,440240,3193,
hc1710,20170405,20170404,20:10:52,0,3180,469374,3258,3158,3200,-1,32190.2,3180,15,3179,30,34162969495468,1.51092e+10,3165,440240,3193,
hc1710,20170405,20170404,20:10:52,500,3180,469382,3258,3158,3200,-1,32190.2,3180,16,3179,29,34162969495474,1.51095e+10,3165,440240,3193,
hc1710,20170405,20170404,20:10:53,0,3179,469384,3258,3158,3200,-1,32190.2,3180,19,3179,28,34162969495476,1.51096e+10,3165,440240,3193,
hc1710,20170405,20170404,20:10:53,500,3180,469416,3258,3158,3200,-1,32190.2,3180,44,3179,19,34162969495476,1.51106e+10,3165,440240,3193,
hc1710,20170405,20170404,20:10:54,0,3179,469454,3258,3158,3200,-1,32190.1,3179,8,3178,503,34162969495498,1.51118e+10,3165,440240,3193,
hc1710,20170405,20170404,20:10:54,500,3179,469462,3258,3158,3200,-1,32190.1,3179,8,3178,503,34162969495500,1.5112e+10,3165,440240,3193,
hc1710,20170405,20170404,20:10:55,0,3179,469480,3258,3158,3200,-1,32190.1,3179,4,3178,503,34162969495500,1.51126e+10,3165,440240,3193,
hc1710,20170405,20170404,20:10:55,500,3179,469488,3258,3158,3200,-1,32190.1,3180,50,3178,503,34162969495500,1.51129e+10,3165,440240,3193,
hc1710,20170405,20170404,20:10:56,0,3180,469588,3258,3158,3200,-1,32190,3180,3,3178,503,34162969495594,1.5116e+10,3165,440240,3193,
hc1710,20170405,20170404,20:10:56,500,3180,469588,3258,3158,3200,-1,32190,3180,5,3178,503,34162969495594,1.5116e+10,3165,440240,3193,
hc1710,20170405,20170404,20:10:57,0,3180,469588,3258,3158,3200,-1,32190,3180,10,3178,503,34162969495594,1.5116e+10,3165,440240,3193,
hc1710,20170405,20170404,20:10:57,500,3180,469588,3258,3158,3200,-1,32190,3180,10,3178,503,34162969495594,1.5116e+10,3165,440240,3193,
hc1710,20170405,20170404,20:10:58,0,3180,469588,3258,3158,3200,-1,32190,3180,20,3178,511,34162969495594,1.5116e+10,3165,440240,3193,
hc1710,20170405,20170404,20:10:58,500,3180,469588,3258,3158,3200,-1,32190,3180,20,3179,18,34162969495594,1.5116e+10,3165,440240,3193,
hc1710,20170405,20170404,20:10:59,0,3179,469604,3258,3158,3200,-1,32190,3180,30,3179,10,34162969495610,1.51166e+10,3165,440240,3193,
hc1710,20170405,20170404,20:10:59,500,3178,469636,3258,3158,3200,-1,32190,3179,7,3178,505,34162969495620,1.51176e+10,3165,440240,3193,
hc1710,20170405,20170404,20:11:00,0,3179,469662,3258,3158,3200,-1,32190,3179,4,3178,498,34162969495632,1.51184e+10,3165,440240,3193,
hc1710,20170405,20170404,20:11:00,500,3179,469662,3258,3158,3200,-1,32190,3179,4,3178,498,34162969495632,1.51184e+10,3165,440240,3193,
hc1710,20170405,20170404,20:11:01,0,3179,469664,3258,3158,3200,-1,32190,3179,3,3178,502,34162969495630,1.51185e+10,3165,440240,3193,
